{"cameraMode":{"drawMode":0,"name":"Shaded","section":"Shading Mode"},"sceneLighting":true,"audioPlay":false,"sceneViewState":{"m_AlwaysRefresh":false,"showFog":true,"showSkybox":true,"showFlares":true,"showImageEffects":true,"showParticleSystems":true,"showVisualEffectGraphs":true,"m_FxEnabled":true},"in2DMode":false,"pivot":{"x":2.3347203731536867,"y":-3.6460702419281008,"z":3.920745849609375},"rotation":{"x":0.19362658262252809,"y":0.38651251792907717,"z":-0.08335132896900177,"w":0.8978715538978577},"size":16.064878463745118,"orthographic":false}